<?xml version="1.0" encoding="utf-8" ?>
 
<component name="OTVendorlistInterface" extends="ContentNode">
 
<interface>
  <field id="Hwidth" type="integer" value="0"/>
  <field id="Hheight" type="integer" value="0"/> 
  <field id="width" type="integer" value="0"/>
  <field id="height" type="integer" value="0"/>
  <field id="ratio" type="floatarray" value="[0.25,0.55,0.2]"/>
  <field id="closeBtnRatio" type="float" value="0.25"/>
  <field id="backgroundColor" type="string" value=""/>
  <field id="buttonFocusColor" type="string" value=""/>
  <field id="buttonFocusTextColor" type="string" value=""/>
  <field id="buttonActiveColor" type="string" value=""/>
  <field id="buttonActiveTextColor" type="string" value=""/>
  <field id="acceptAll" type="node" />
  <field id="rejectAll" type="node"  />
  <field id="savePreferencesButton" type="node"  />
  <field id="fonts" type="assocarray" />
  <field id="multiStyleFonts" type="assocarray" />
  <field id="OTListView" type="node"/>
  <field id="consentBtn" type="node"/>
  <field id="alwaysActiveBtn" type="node"/>
  <field id="legitInterestBtn" type="node"/>
  <field id="itemTitle" type="assocarray" />
  <field id="itemDescription" type="assocarray" />
  <field id="menu" type="assocarray" />
  <field id="activeTextNode" type="node" />
  <field id="inActiveTextNode" type="node"/>
  <field id="alwaysActiveNode" type="node"/>
  <field id="backButton" type="node"/>
  <field id="closeButton" type="node"/>
  <field id="closeBtnVoiceOverText" type="string"/>
  <field id="pageHeaderTitle" type="node"/>
  <field id="pageHeaderVendorTitle" type="node"/>
  <field id="pageHeaderSDKListTitle" type="node"/>
  <field id="pageHeaderFilterVendorTitle" type="node"/>
  <field id="pageHeaderFilterSdkTitle" type="node"/>
  <field id="menuListNode" type="assocarray"/>
  <field id="filterViewNode" type="assocarray"/>
  <field id="filterCloseButton" type="node" />
  <field id="filterApplyButton" type="node" />
  <field id="iabVendorsNode" type="node"/>
  <field id="googleVendorsNode" type="node"/>
  <field id="sdkListNode" type="node"/>
  <field id="vendorsPolicyBtn" type="node"/>
  <field id="legIntClaimPolicyBtn" type="node"/>
  <field id="lifespan" type="string" value=""/>
  <field id="lifespanDay" type="string" value=""/>
  <field id="lifespanDays" type="string" value=""/>
  <field id="lifespanMonth" type="string" value=""/>
  <field id="lifespanMonths" type="string" value=""/>
  <field id="disclosureTitle" type="string" value=""/>
  <field id="nonCookieUsageText" type="string" value=""/>
  <field id="storageIdentifierText" type="string" value=""/>
  <field id="storageIdentifierType" type="string" value=""/>
  <field id="storagePurposes" type="string" value=""/>
  <field id="storageDomain" type="string" value=""/>
  <field id="dataDeclarationText" type="string" value=""/>
  <field id="dataRetentionText" type="string" value=""/>
  <field id="domainsUsed" type="string" value=""/>
  <field id="domainUse" type="string" value=""/>
  <field id="consentPurposes" type="string" value=""/>
  <field id="features" type="string" value=""/>
  <field id="specialFeatures" type="string" value=""/>
  <field id="specialPurposes" type="string" value=""/>
  <field id="legitimateInterestPurposesText" type="string" value=""/>
  <field id="dataStdRetentionText" type="string" value=""/>
  <field id="IABDataCategories" type="assocarray" value="{}"/>
  <field id="iabGroups" type="assocarray" value="{}"/>
  <field id="viewType" type="string" value=""/>
  <field id="sdkFilterListNode" type="node"/>
  <field id="iabFilterListNode" type="node"/>
  <field id="sdkListGroupData" type="assocarray"/>
  <field id="groupPrefixes" type="assocarray"/>
  <field id="showFilterIcon" type="boolean" value="false"/>
  <field id="layout" type="string" value="right"/>
  <field id="border" type="boolean" value="false" />
  <field id="searchNoResultsFoundText" type="string" value=""/>
</interface>

</component>