<?xml version="1.0" encoding="UTF-8"?>

<component name="SegmentAnalyticsTask" extends="Task"
	xsi:noNamespaceSchemaLocation="https://devtools.web.roku.com/schema/RokuSceneGraph.xsd">

  <interface>

    <!-- must be set before starting the task -->
    <field id="config" type="assocarray"/>

    <!-- event call, example {name: "someEvent", payload: {}} -->
    <field id="event" type="assocarray" alwaysNotify="true"/>

  </interface>

  <!-- include any device mode integration factories, example:
    {
      "Adobe Analytics": SegmentAnalytics_AdobeAnalyticsFactory
    }
  -->
  <script type = "text/brightscript" >

    <![CDATA[

      function use() as Object
        return {}
      end function

    ]]>

  </script>

  <!-- replace with correct location if needed -->
  <script type="text/brightscript" uri="pkg:/components/analytics/SegmentAnalyticsTask.brs" />
  <!-- replace with correct location if needed -->
  <script type="text/brightscript" uri="pkg:/source/analytics/SegmentAnalytics.brs" />

  <!-- include any device mode integrations scripts  -->
</component>
