{
  "ThemeColor": "#F5B729",
  "ThemeColor50": "#F5B72980",
  "FocusedBitmapBlendColor": "#F5B729",
  "FocusedListBackground": "#F5B729",
  "SelectedListBackground": "#EBEBEB26",
  "FocusedListTextColor": "#101010",
  "UnFocusedListTextColor": "#B4B7BB",
  "SelectedListTextColor": "#F2F2F2",
  "MenuFocused": "#F5B729",
  "MenuUnFocused": "#B4B7BB",
  "KeyFocused": "#EBEBEB",
  "ProgressBar": "#707070",
  "ProgressBarFill50": "#9545AD80",
  "ProgressBarFill": "#9545AD",
  "White": "#FFFFFF",
  "White80": "#FFFFFFCC",
  "White50": "#FFFFFF50",
  "White40": "#FFFFFF66",
  "AntiFlashWhite": "#F0F3F7",
  "Blue" : "#0384fc",
  "Black": "#000000",
  "Black99": "#000000FC",
  "Black66": "#00000066",
  "DarkGray" : "#D3D3D3",
  "Gray" : "#696969",
  "GrayOne": "#959595",
  "GrayTwo": "#707070",
  "CardTitle": "#EBEBEB",
  "CardSubtitle": "#EBEBEB",
  "Progress": "#AEB9C1",
  "baseColorDarkGray": "#505050",
  "EPGCategoryTextColor": "#a6a9ad",
  "FocusedEPGCategoryTextColor": "#ffffff",
  "EPGBoxColor": "#1e1e1e",
  "EPGProgressColor": "#0000004D"
}
