<?xml version="1.0" encoding="utf-8"?>
<!--********** Copyright 2020 One trust.  All Rights
Reserved. **********-->


<component name="OTListView" extends="Group">
    <interface>
        <field id="data" type="node" onchange="onContentChange" />
        <field id="height" type="float" alwaysNotify="true" />
        <field id="itemFocused" type="node" alwaysNotify="true" />
        <field id="itemFocusedPosition" type="integer"/>
        <field id="OTinitialize" type="assocarray" />
    </interface>

    <script type="text/brightscript" uri="../OTListView/OTListView.brs" />
    <script type="text/brightscript" uri="../../OTCommon/OTNavigation/select.brs"></script>
    <script type="text/brightscript" uri="../../OTCommon/OTNavigation/navigation.brs"></script>
    <script type="text/brightscript" uri="../../OTViewModel/eventListeners.brs"></script>
    <script type="text/brightscript" uri="../../OTCommon/OTUtilites/bannerUtils.brs"></script>
    <script type="text/brightscript" uri="../../OTViewModel/saveLogConsent.viewModel.brs"></script>
    <script type="text/brightscript" uri="../../OTViewModel/preferenceCenter.viewModel.brs"></script>
    <script type="text/brightscript" uri="../../OTViewModel/preferenceCenter.viewModel.brs"></script>
    <script type="text/brightscript" uri="../../OTModel/saveLogConsent.model.brs"></script>
    <script type="text/brightscript" uri="../../OTCommon/OTUtilites/promise.brs"></script>
    <script type="text/brightscript" uri="../../OTServices/OTStorage/serverStorageKeys.brs"></script>
    <script type="text/brightscript" uri="../../OTCommon/OTUtilites/utils.brs"></script>
    <script type="text/brightscript" uri="../../OTCommon/OTUtilites/scrollAnimation.brs"></script>
    <script type="text/brightscript" uri="../../OTModel/preferenceCenter.model.brs"></script>
     <script type="text/brightscript" uri="../../OTModel/OTCommon.model.brs"></script>
    <script type="text/brightscript" uri="../../OTCommon/OTNavigation/up.brs"></script>
    <script type="text/brightscript" uri="../../OTCommon/OTNavigation/down.brs"></script>
    <script type="text/brightscript" uri="../../OTCommon/OTNavigation/left.brs"></script>
    <script type="text/brightscript" uri="../../OTCommon/OTNavigation/right.brs"></script>
    <script type="text/brightscript" uri="../../OTCommon/OTConstants/style.constants.brs"></script>
    <script type="text/brightscript" uri="../../OTViewModel/OTCommon.viewModel.brs"></script>
    <script type="text/brightscript" uri="../../OTCommon/OTUtilites/screenReader.brs"></script>

    <children>
        <Rectangle id="listViewContainer">
            <Rectangle id="listViewSection">
                <Label id="searchNoResultsFoundText" text="" wrap="true" visible="false" scale="[0,0]" />
                <OTMarkupList
                    id="OTListGridview"
                    itemComponentName="OTButtonView">
                </OTMarkupList>
            </Rectangle>
        </Rectangle>
    </children>
</component>