<?xml version="1.0" encoding="utf-8" ?>
<component name="DynamicGridPage" extends="Group">
    <script type="text/brightscript" uri="pkg:/components/pages/DynamicGridPage/DynamicGridPage.brs"/>


    <script type="text/brightscript" uri="pkg:/source/helpers/HelpFuncs.brs"/>
    <script type="text/brightscript" uri="pkg:/source/helpers/FocusHandler.brs"/>
    <script type="text/brightscript" uri="pkg:/source/helpers/ContentHelper.brs"/>
    <script type="text/brightscript" uri="pkg:/source/helpers/Globals.brs"/>
    <script type="text/brightscript" uri="pkg:/source/helpers/EventHelper.brs"/>

    <interface>
        <field id="content" type="node" OnChange="OnContentChange"/>
        <field id="updateRowContent" type="array" OnChange="OnUpdateRowContentChange"/>
        <field id="pageType" type="string"/>
        <field id="initialize" type="boolean" value="false" alwaysnotify="true" onChange="onInitialize"/>
        <field id="datarray" type="AssocArray" alwaysNotify="true"/>
        <field id="destroy" type="boolean" value="false" alwaysnotify="true" onChange="onDestroy"/>
        <field id="isApiLoaded" type="boolean"/>
        <field id="currentRowPage" type="integer" value="0"/>
        <field id="currentPage" type="integer" value="1"/>
        <field id="totalPlaylist" type="integer"/>
    </interface>

    <children>
        <Group>
            <SideMenuComponent
              id = "sideMenu"
              translation = "[90,217]"
              visible="true"/>
        </Group>
        <Group id="gPaginationLoader" visible="false">
  					<BusySpinner id="bsPaginationloader" translation="[930,920]" control="start" clockwise="true" spinInterval="0.8"/>
  			</Group>
        <Timer id="UpdateTimer" repeat="false" duration="10"/>
        <Timer id="UpdateProgress" control="start" repeat="true" duration="60"/>
        <Label id="noData" text="No data available." translation="[474,0]" visible="false" horizAlign="center" vertAlign="center" height="1080" width="1445"/>
  </children>
</component>
